LINK,Title,Location,Salary,Summary
https://kr.indeed.com/rc/clk?jk=75daa6b841bfb009&fccid=773041d0d31c442a&vjs=3,WFM Analyst,대한민국,,"members on WFM tools and function as 
go-to person when... inquiries arise... duties... initial 
GO TO person..."
https://kr.indeed.com/rc/clk?jk=e739c7530d3e07c8&fccid=04a37cb60fd02dd3&vjs=3,"Campaigns, Programs and Events Manager - Korea",서울,,"JOB DESCRIPTION Develop & implement 
Go-to-Market strategies and end-to-end... sponsorships and 
go-to-market execution..."
https://kr.indeed.com/rc/clk?jk=bde350373b4b22f3&fccid=0a4ad7ebd9b0c8ee&vjs=3,A-HW Sales Associate,서울,,"monthly, quarterly and yearly basis “
Go the extra mile” to drive sales Maintain... them wherever they 
go... nearly 50,000..."
https://kr.indeed.com/rc/clk?jk=9ac80d71118ad566&fccid=9efa4dd9d42f0771&vjs=3,"Recruitment Partner (Gyeonggi-do, Korea)",경기도,,"partnership with all key stakeholders. People who know how to 
go about forming solid relationships while delivering first..."
https://kr.indeed.com/rc/clk?jk=aad13961b12efb3d&fccid=a1e4e21b1f33cf40&vjs=3,[2022 전문연구요원] Programming - 서비스 플랫폼 개발,성남 판교역,,"에 대한 경험이 있으신 분 - ECMAScript에 대한 이해도가 있으신 분 - C++, Java, 
Go, C#, .NET 프레임워크, Python 기반 프로그래밍을 능숙하게 할 수 있는 분 - iOS, Android 모바일..."
https://kr.indeed.com/rc/clk?jk=276ba00b82cb9de1&fccid=d43e21c13934858e&vjs=3,M1A2 Track Mechanic - Camp Carroll (Daegu),대한민국,,"Alaska Native Corporation (ANC), 100% of our company’s profits 
go back to our 14,300 Iñupiat shareholders that have resided..."
https://kr.indeed.com/rc/clk?jk=43f8edb38c7888c7&fccid=2f8799a5ef214646&vjs=3,[위메프오] 서버개발자,대한민국,,"로모션 시스템 개발 - 데이터베이스 분산설계 및 미들웨어 개발 [자격사항] - 서버 프로그래밍 언어(PHP, 
Go, C/C++, Python, Java) 중 1개 이상 사용이 가능한 분 - 자료구조, 알고리즘, 분산처리 등..."
https://kr.indeed.com/rc/clk?jk=8184444fb50125b9&fccid=9917de3c28f569f6&vjs=3,통합시설관리 (IFM) - Assistant Facilities Manager,서울,,"expectations are met each and every time. You will also... 
go-to person for any facilities-related concerns. Keeping an..."
https://kr.indeed.com/rc/clk?jk=536f8ef5c859da98&fccid=3ec60d46cb3714f9&vjs=3,"Associate, Client Service (Seoul)",서울,,"언어능력과 대인커뮤니케이션 스킬, 탁월한 분석력, 그리고 업무성과 달성과 요구사항에 준수에 대한 책임감 및 “
Go the extra miles” 와 같은 우수한 역량과 적극적이고 진취적인 태도가 요구됩니다. 가능하면 다양한..."
https://kr.indeed.com/rc/clk?jk=6f651b42e156a128&fccid=0a4ad7ebd9b0c8ee&vjs=3,Supply Chain Specialist,대구,,"committed to your customers, happy to 
go the extra mile... always acting... them wherever they 
go... nearly 50,000..."
https://kr.indeed.com/rc/clk?jk=d12fd2ad945897be&fccid=c7e21868d667ab79&vjs=3,Safety Program Manager,서울,,"strengthening. We push ourselves and each other to seek better, to 
go further, and we carry this energy to our customers..."
https://kr.indeed.com/rc/clk?jk=865d2df6aac345ef&fccid=0a4ad7ebd9b0c8ee&vjs=3,IT Infrastructure,서울,,"access solutions. In return, we open doors for them wherever they 
go... nearly 50,000 colleagues in more than 70 different..."
https://kr.indeed.com/rc/clk?jk=b45320fd74a51be5&fccid=36dabe1016fe6813&vjs=3,Product Manager for Medical Display,서울,,"owner in responsibility of product roadmap planning and 
go-to-market strategy •Manage New Product Development Process..."
https://kr.indeed.com/rc/clk?jk=bf12f155355fe73b&fccid=4e42ec53f4b93e02&vjs=3,GSK Consumer - Marketing Manager_OTC team,서울,,"Category Shopper Marketing managers and Sales to drive 
Go to Market initiatives, flawless in-store execution, and improve..."
https://kr.indeed.com/rc/clk?jk=416d6422a2017759&fccid=d47acb5b5596d9e4&vjs=3,Food & Beverage Service Agent,서울+1 지역,,"flawless table settings, and your friendly demeanor do not 
go unnoticed. No matter the day, you set out to provide each guest..."
https://kr.indeed.com/rc/clk?jk=ef8b396a0f7e3f77&fccid=c5c99ec01e2125aa&vjs=3,GI & ABUS Clinical Application Specialist,서울,,"support, including on-site clinical in-servicing and 
go-live support Actively manage the relationship... assigned..."
https://kr.indeed.com/rc/clk?jk=3f4a2841c8fcacce&fccid=a5b4499d9e91a5c6&vjs=3,"Talent Engagement Specialist, People Operations",서울,,"talent to build Google. Our team specializes in building a 
go-to-market strategy for engaging and activating talent through..."
https://kr.indeed.com/rc/clk?jk=1630f08452c0663a&fccid=f06a4d05bf5510ec&vjs=3,Regulatory Affairs Specialist (12-month contract),서울,,"12-month maternity coverage with possibility to extend or 
go permanent. You are passionate and dedicated talent..."
https://kr.indeed.com/rc/clk?jk=0cb35bc727d1a8bc&fccid=8162f51b1a64e5de&vjs=3,삼성 노블카운티 요양보호사 [11월 17일(수)-현장 면접 진행],용인 기흥구,,"직무내용] [2021?영통여성새일센터?채용박람회?희망?JOB?
Go!?취업?JOB?
Go!]?현장?면접 -?2021년?11월?17일(수)?14:00~17:00 -?장소?:?수원여성인력개발센터 -?문의?:?031-206-1919..."
https://kr.indeed.com/rc/clk?jk=09b2093655fa94ea&fccid=c7e21868d667ab79&vjs=3,ITSM lead developer,서울,,"strengthening. We push ourselves and each other to seek better, to 
go further, and we carry this energy to our customers..."
https://kr.indeed.com/rc/clk?jk=591e7bb01ea4e2eb&fccid=6eaf041a906b7bd7&vjs=3,Kindergarten and Elementary Teacher,서울,,"must have... physical diploma apostilled and ready to 
go Candidates must have a federal-level background check along..."
https://kr.indeed.com/rc/clk?jk=15b554969a86a99b&fccid=fc0eeff012676923&vjs=3,Senior Consultant,서울,,"We 
go beyond the obvious, using... linked to what you deliver. We 
go beyond the obvious, using intelligence, passion..."
https://kr.indeed.com/rc/clk?jk=14e8f46c12958823&fccid=087aaf21c7121482&vjs=3,Associate Consultant - Technology Services (FWP),서울,,"values every day, who delight our customers, every day, and who 
go above and beyond, every day. Our culture is unique, and I..."
https://kr.indeed.com/rc/clk?jk=6041b67a5d88e1b4&fccid=132cf1d64633e77d&vjs=3,"Manager, International Student Recruitment (South Korea)",서울,,"quota achievement Experience with building and implementing a 
Go-to-Market strategy Having a successful track record of B2B..."
https://kr.indeed.com/rc/clk?jk=aea86308de372f4a&fccid=c7e21868d667ab79&vjs=3,IT Architect - Network & Edge,서울,,"strengthening. We push ourselves and each other to seek better, to 
go further, and we carry this energy to our customers..."
https://kr.indeed.com/rc/clk?jk=391ceddc4125c6e4&fccid=62ee2fabbf8c93c5&vjs=3,Outbound Executive - Korea,서울,,"learn and have a strong natural appetite for activities and “
go the extra mile... position is a 1-year contract role..."
https://kr.indeed.com/rc/clk?jk=e56d67225ceb751b&fccid=0a4ad7ebd9b0c8ee&vjs=3,Cost accountant,서울,,"access solutions. In return, we open doors for them wherever they 
go... nearly 50,000 colleagues in more than 70 different..."
https://kr.indeed.com/rc/clk?jk=ee64abe502f8ee94&fccid=412ff571bced2587&vjs=3,[NAVER Cloud] 가상화 코어 기술 연구 및 개발 (SW),서울,,"3년 이상 실무 경험 - 
Go, C/C++ 등 하나 이상의 언어를 능숙하게 사용할 수 있는 능력 - 리눅스 환경에서의 
GO/C/C++ 개발 기술 이해... 개발 경험을 보유하신 분 - 
GO/gRPC 개발 경험을 보유하신 분..."
https://kr.indeed.com/rc/clk?jk=f34cfea187cde585&fccid=fdb210f6a49b1c13&vjs=3,"Manager, Partner Marketing, HBO Max, Korea",서울,,"support social content strategy as needed for trade partners • 
Go-to-market presentations and market analysis, translating..."
https://kr.indeed.com/rc/clk?jk=824b7a180a717882&fccid=a9021c35fcef6968&vjs=3,"Product Partnership Manager, Commerce, YouTube",서울,,"Engineering organizations for early stage product development/
go-to-market Experience interpreting legal documents..."
https://kr.indeed.com/rc/clk?jk=6edc8ff6ca3779e5&fccid=734cb5a01ee60f80&vjs=3,Consulting Sales Manager,서울,,"industry, partner & 
Go To Market... insights, ensuring they leverage industry 
Go To Market assets & motions to lead..."
https://kr.indeed.com/rc/clk?jk=109e35bbb42bb104&fccid=8ccf12dd65544365&vjs=3,민트팟 소프트웨어 외주 개발 프로젝트 매니저(PM) 인턴,서울 서초구,,"7. 간식 제공: 일하다 출출할 땐 눈치 보지 말고 민트팟 간식 창고로 
Go 
Go! 8. 조기 퇴근: ""일이 생겨 빨리 들어가 봐야할 거 같아요!"" 그렇다면 조기 퇴근 신청으로 
Go! 9. 신규직원 Welcome Box 제공..."
https://kr.indeed.com/rc/clk?jk=4303d114599b7615&fccid=a6a6cb08ca92cc4b&vjs=3,Field Service and Applications Engineer,서울,,"providing regular contact and developing self as technical “
go to person” within the industry and projecting a professional..."
https://kr.indeed.com/rc/clk?jk=ed2d0dff112ae781&fccid=915837b22fb3a5f0&vjs=3,Manager Development Program,서울,,"right thing to do... vital to driving progress. We 
go the extra mile to build teams of people with diverse backgrounds..."
https://kr.indeed.com/rc/clk?jk=a10ac52ed0890f65&fccid=c7e21868d667ab79&vjs=3,Client Solution Executive,서울,,"strengthening. We push ourselves and each other to seek better, to 
go further, and we carry this energy to our customers..."
https://kr.indeed.com/rc/clk?jk=c6f36a1402c8d8f9&fccid=9ba5704db7f70188&vjs=3,Kindergarten and Elementary Teacher,서울,,"must have... physical diploma apostilled and ready to 
go Candidates must have a federal-level background check along..."
https://kr.indeed.com/rc/clk?jk=12c4b5c138007f5e&fccid=4e041af1d0af1bc8&vjs=3,"Linguist Specialist, Mid",경기도 평택,,"representatives, Field Officers (FO... General Officers (
GO) -Ability to collaborate, including working with government..."
https://kr.indeed.com/rc/clk?jk=b0e39e829a425353&fccid=32b9af632cf3b9f9&vjs=3,카카오 광고 최적화 연구 및 개발,성남 판교역,,"플리케이션 개발 지원자격 하나 이상의 프로그래밍 언어에 익숙한 분 (C/C++, Java, Python, 
Go, Scala 등) [알고리즘 개발 업무 관련 지원 경우] 데이터 마이닝 또는 머신러닝 지식/경험이 풍부한 분..."
https://kr.indeed.com/rc/clk?jk=adf7351a0e68d863&fccid=c7e21868d667ab79&vjs=3,Infrastructure Specialist,서울,,"strengthening. We push ourselves and each other to seek better, to 
go further, and we carry this energy to our customers..."
https://kr.indeed.com/rc/clk?jk=d98e76897484c7b9&fccid=928ccdb7c9619b09&vjs=3,Retail Consultant,경기도 고양,,"others in order to make well-formed decisions Excellence We 
go beyond what is expected, seeking to have a broader..."
https://kr.indeed.com/rc/clk?jk=76d5c520079ff3ed&fccid=a5b4499d9e91a5c6&vjs=3,"Brand Specialist for Measurement, Large Customer Sales",서울,,"metrics, and set country/customer prioritizations. Partner with 
go-to-market teams to provide market-to-product feedback..."
https://kr.indeed.com/rc/clk?jk=b3066d8ec81d183c&fccid=b1795e5453cac30a&vjs=3,[카페24자회사/SIIC부천센터] 호스팅 고객지원팀,경기도 부천,,"26px; letter-spacing:-0.5px; color:#353535; font-family:Malgun 
Go 고객상담·TM>고객상담·관리·수퍼바이저>고객상담|고객상담·TM>고객상담·관리·수퍼바이저>고객지원"
https://kr.indeed.com/rc/clk?jk=bf4cf28e0457cc9f&fccid=ea6bb53f0b18b8f2&vjs=3,Portfolio Development Executive,서울,,"identifying a clear target market and 
go-to-market strategy... execution... comprehensive 
Go-to Market strategy..."
https://kr.indeed.com/rc/clk?jk=7f6c5dfd19a44867&fccid=86990856f142974f&vjs=3,"Sales Development Manager, Editron",부산광역시,,"South Korea... successful, the incumbent must drive a clear 
go-to-market strategy with an inclusive approach and strong..."
https://kr.indeed.com/rc/clk?jk=4c6e9d62d81b7efc&fccid=dc86b41d5cdf3527&vjs=3,Clinical Trial Assistant (Study Start Up),서울,,"All of our careers require that you first complete an online application and 
go through some sort of interview process."
https://kr.indeed.com/rc/clk?jk=1f2ce19747b47728&fccid=9a992a33fec815f4&vjs=3,International Business Developer,서울,,"sharp high-level system selling value proposition and ready to 
go... details. -Senior relationship management: Capable..."
https://kr.indeed.com/rc/clk?jk=8a2483177d2fd2d1&fccid=0bed8e17bc113980&vjs=3,Commercial Director BiSpecifics,대한민국,,"innovation... change agent to challenging and optimizing 
Go To Market Models at a local level, linked to Regional Brand..."
https://kr.indeed.com/rc/clk?jk=9957ab5f9c85a492&fccid=da1c713f8d71846e&vjs=3,Solutions Consultant (South Korea),대한민국,,"prospects... includes researching and understanding prospects 
go to market strategies and identifying potential solution..."
https://kr.indeed.com/rc/clk?jk=914e84341ae6d3c6&fccid=2c62e4de04b8f952&vjs=3,Korea - Goods Flow Management Manager (Icheon),대한민국,,"DC planners -Change management after related project(s) 
go-live WHO YOU WILL WORK... Work with DC operations, MPO, IO..."
https://kr.indeed.com/rc/clk?jk=d0c7756b2b74d3f7&fccid=db38e6ad86cb6d20&vjs=3,Field Service Engineer South Korea,서울,,"especially in medium and small companies), someone who can 
go on a long solo business trip, driver license. Someone who lives..."
https://kr.indeed.com/rc/clk?jk=7650157ce6c719db&fccid=dc86b41d5cdf3527&vjs=3,Clinical Research (CRA) Manager,서울,,"All of our careers require that you first complete an online application and 
go through some sort of interview process."
https://kr.indeed.com/rc/clk?jk=8468d455560b3974&fccid=caa7b2f9820475cb&vjs=3,Business Development Manager - Hydrogen,서울,,"Howden Global Hydrogen leadership team in executing the regional 
go-to-market strategy... assigned markets. Participate..."
https://kr.indeed.com/rc/clk?jk=6ce830b67c42f47e&fccid=63ae94444c0cbe32&vjs=3,Logistic Implementation manager (Implementation&Logistic Sol...,대한민국,,"Implementations plan Smooth handover to operation in post 
go live period (Hyper care) Tracking project Plan and handle issue..."
https://kr.indeed.com/rc/clk?jk=aa82dabb62b502c2&fccid=feb484a8aef310be&vjs=3,Mediacom | Search Specialist,서울,,"including technical SEO – HTML, JavaScript and CSS skills will 
go a long way here... required Capable of operating..."
https://kr.indeed.com/rc/clk?jk=b38845dcdfdcef39&fccid=8ccf12dd65544365&vjs=3,민트팟 앱/웹 서비스 기획 신입,서울 서초구,,"7. 간식 제공: 일하다 출출할 땐 눈치 보지 말고 민트팟 간식 창고로 
Go 
Go! 8. 조기 퇴근: ""일이 생겨 빨리 들어가 봐야할 거 같아요!"" 그렇다면 조기 퇴근 신청으로 
Go! 9. 신규직원 Welcome Box 제공..."
https://kr.indeed.com/rc/clk?jk=d8c0f70741ba9314&fccid=4141256365dbb7d7&vjs=3,"Internal Communication Lead (Yangsan) Yangsan, South Korea O...",대한민국,,"12-gil, Yangsan-si, Gyeongsangnam-do HOW TO APPLY • 
Go PMI career site... pmi.com/careers"" and set ‘South Korea..."
https://kr.indeed.com/rc/clk?jk=6f227c22896b7053&fccid=0df2ff5b7218b5a6&vjs=3,Account Executive,서울,,"We need to make sure that we provide the team... tools and resources they need to 
go All-In.” Oren Kaniel, CEO"
https://kr.indeed.com/rc/clk?jk=9a5019a66064466b&fccid=a5b4499d9e91a5c6&vjs=3,"Cellular Device Software Architect, Pixel Mobile Wireless",서울,,"developers, the Mobile team is giving you Google... 
go. Responsibilities Work closely with modem software team..."
https://kr.indeed.com/rc/clk?jk=b001edc153b0e43d&fccid=4faf342d2307e9ed&vjs=3,Cloud Platform Security Engineer,서울,,"damage What You Need • Outstanding communication skills that 
go beyond “tech talk... ability to translate complex..."
https://kr.indeed.com/rc/clk?jk=0fefa9c71646e975&fccid=e451672f561ffb08&vjs=3,Automotive Engineer*,서울,,"performance standard... industry. For more information about Goodyear and its products, 
go... goodyear.com/corporate."
https://kr.indeed.com/rc/clk?jk=6d47ddb33575b108&fccid=a2ce486f2a6b8708&vjs=3,CRA I ~ Sr. CRA,서울,,"Your time here At Parexel, the CRA role offers the opportunity to 
go beyond the role of a typical clinical monitor. CRA..."
https://kr.indeed.com/rc/clk?jk=2b553759234a28ab&fccid=a58f4ec5f9211270&vjs=3,Sales Manager,서울,,"generation of innovators who think bigger, aim higher, and 
go faster... you up... challenge of helping shape humanity..."
https://kr.indeed.com/rc/clk?jk=3e2edbe387845caa&fccid=c7e21868d667ab79&vjs=3,Technical Solutions Manager,서울,,"strengthening. We push ourselves and each other to seek better, to 
go further, and we carry this energy to our customers. We..."
https://kr.indeed.com/rc/clk?jk=9d75950da83a052a&fccid=aaf3b433897ea465&vjs=3,CIB Operations - Documentation Management Operations - Refer...,서울,,"degree Self-starter, strong desire to learn the business and 
go the extra mile Strong command of English (reading, oral..."
https://kr.indeed.com/rc/clk?jk=c6362b44e0479595&fccid=3e34ac4ae73849ba&vjs=3,"Marketing Specialist, Korea",서울,,"all of Dassault Systemes life science capabilities in one 
go-to-market organization, providing our clients with life science..."
https://kr.indeed.com/rc/clk?jk=42b8e609c154de28&fccid=c908408e676247d6&vjs=3,Sr. Account Executive,서울,,"follow through and follow-up to customers “
Go-To” person SKILLS & QUALIFICATIONS... work environment 
go beyond simply..."
https://kr.indeed.com/rc/clk?jk=b16d893b446ba288&fccid=412ff571bced2587&vjs=3,"[Robotics] Robotics Software Engineer, Backend",서울,,"전문성을 보유하신 분 ㅇ 최소 1개 이상의 프로그래밍 언어에 대한 전문적인 개발 역량 (C++/Python/
Go 등) • 우대사항 ㅇ 로봇 유관 분야(전자전기, 기계, 컴퓨터공학 등) 석사 학위 이상 또는 5년 이상의 경력을..."
https://kr.indeed.com/rc/clk?jk=b4fb63e3bbbb3d6e&fccid=fe2d21eef233e94a&vjs=3,Solutions Architect III - AWS,서울,,"flexible pay-as-you-
go model frees our... highly ambiguous customer requirements, 
go beyond the immediately stated needs..."
https://kr.indeed.com/rc/clk?jk=d1ef62e5f91d07f4&fccid=ee9f45e9b70724c4&vjs=3,페달링 E-커머스(온라인마케팅 기획)팀장 하실 인재 찾습니다.,서울 광진구,"연봉 40,000,000원","성장하며 즐겁게 일하고 싶습니다. 함께 발전 하고 함께 올라갈 인재 모집합니다. 페달링은 어떤 회사인가요? 
GO & FIX! 고객이 있는 장소로 이동하고 자전거를 정비할 수 있는 전용차량으로 언제 어디서나 예약하고 정비사가..."
https://kr.indeed.com/rc/clk?jk=e33f1b0b9841aa0a&fccid=a13dce9f83ee80a9&vjs=3,마케팅 (IMC/MM/MI),수원 영통구,,"트렌드 동향 조사 및 분석 <마케팅 관리(Market Management)>- Product Marketing& 
Go to Market 전략 수립 지원[자격요건]- 관련 업무 경험 2년 이상- 영어 또는 중국어 능통자- 기획..."
https://kr.indeed.com/rc/clk?jk=f2505aaf805c0757&fccid=a5b4499d9e91a5c6&vjs=3,"Customer Engineering, Infrastructure Modernization, Google C...",서울,,"sophisticated set of technical competences. Manage the 
Go-to-Market strategy from technical perspective. Craft the strategy..."
https://kr.indeed.com/rc/clk?jk=b79263ae7f3495a9&fccid=27317bcae2b26fe5&vjs=3,Software Engineer (Data) - Korea,서울 강남구,,"fluency... least one programming language (preferably Java, 
Go, or Python). Outstanding problem-solving skills. Fluent..."
https://kr.indeed.com/rc/clk?jk=04f3d5b1361e6842&fccid=448951d0ddf03e0c&vjs=3,"Director, Enterprise Sales",서울,,"complex Enterprise deals and negotiations Shape the direction... 
go-to market strategy and execution for your region Work..."
https://kr.indeed.com/rc/clk?jk=66e91ffe485c10c5&fccid=d906a35a8b5e576b&vjs=3,"Senior Consultant (Expert Services), South Korea",서울,,"throughout the project is crucial - you... 
go-to"" person for management updates... customer, partners..."
https://kr.indeed.com/rc/clk?jk=c737324170de83c0&fccid=366382f52796fce2&vjs=3,"Senior Manager, E-Commerce Indirect",서울,,"work well within a cross departmental team framework Build up 
Go-to-Market strategy based on good understanding of channels..."
https://kr.indeed.com/rc/clk?jk=5123207a169f90eb&fccid=9be12e4be3d1efa6&vjs=3,Lead AI Platform Developer,서울,,"Architecture에 대한 이해도가 있으신 분 Additional Requirement python, 
go 프로그래밍 언어 1개 이상 능통하신 분 TensorFlow, PyTorch, MXNet 등 각종 머신러닝 프레임워..."
https://kr.indeed.com/rc/clk?jk=b35e9e64fc4b07b7&fccid=8686937f641f561b&vjs=3,"Senior Manager, Program Delivery, eCommerce",서울,,"tasks for 
Go-Live... contract review... during projects development till the 
Go-Live date • Help define business cases..."
https://kr.indeed.com/rc/clk?jk=8f220e810cec0f6f&fccid=a58f4ec5f9211270&vjs=3,Semiconductor and Electronics Business Development Manager,서울,,"generation of innovators who think bigger, aim higher, and 
go faster... you up... challenge of helping shape humanity..."
https://kr.indeed.com/rc/clk?jk=b81611401ca8a2e7&fccid=fe2d21eef233e94a&vjs=3,Principal Outposts Specialist,서울,,"person... analytical, and possess 10+ years leading strategic 
Go To Market and Product activities for related subjects..."
https://kr.indeed.com/rc/clk?jk=54e3f6aba6e23df2&fccid=fe2d21eef233e94a&vjs=3,"Specialized Sales GTM Strategy Lead, AWS",서울,,"infrastructure... Worldwide Specialized Organization (WWSO) 
Go-To-Market (GTM) Strategy & Innovation Lead... person..."
https://kr.indeed.com/rc/clk?jk=9aa0c86db377dd5f&fccid=2f99debd1daa0205&vjs=3,Computer Vision Engineer,성남 삼평동,,"tracking, object detection, pose detection등 다양한 기술이 결합된 Amazon 
Go형태의 무인 점포 상용화를 계획하고 있으며, 앞으로 유통을 넘어서 #1 인공지능 기업으로 성장해 가는 비전을..."
https://kr.indeed.com/rc/clk?jk=9125582634199efd&fccid=de71a49b535e21cb&vjs=3,Scrum Master,서울,,"integration design and development. Put simply, you’ll be our 
go-to person for applying scrum to produce high-quality work..."
https://kr.indeed.com/rc/clk?jk=47925874c681eb4b&fccid=8ccf12dd65544365&vjs=3,민트팟 VR앱/웹 서비스기획 경력,서울 서초구,,"가능! 간식 제공: 일하다 출출할 땐 눈치 보지 말고 민트팟 간식 창고로 
Go 
Go! 조기 퇴근: ""일이 생겨 빨리 들어가 봐야할 거 같아요!"" 그렇다면 조기 퇴근 신청으로 
Go! 모집분야: VR앱/웹 서비스 기획자(경력 3..."
https://kr.indeed.com/rc/clk?jk=bca7c73ca6f84a8f&fccid=8aa5233278a3e6ca&vjs=3,| English Teacher,서울,,"apostilled... nationwide criminal background check READY TO 
GO 3. Visa Sponsorship We sponsor E-2 visas. 4. Job..."
https://kr.indeed.com/company/Neles/jobs/Sales-Manager-f34dfcb2feb53121?fccid=cf4f21adb26e5143&vjs=3,"Sales Manager, Valve Controls and Actuators",서울,,"an ability to drive sales growth through an effective 
go-to-market strategy; * Understands market dynamics and competitive..."
https://kr.indeed.com/rc/clk?jk=9a5c5b94fa44a276&fccid=fc0eeff012676923&vjs=3,Marketing Communication Manager,서울,,"We 
go beyond the obvious, using... linked to what you deliver. We 
go beyond the obvious, using intelligence, passion..."
https://kr.indeed.com/rc/clk?jk=68ce55d16148d2f8&fccid=44da9ba003d7c443&vjs=3,Kindy Teacher Needed,서울 강남구,,"diploma and nationwide criminal background check ready-to-
go! 3. Visa Sponsorships We sponsor E-2 visas. 4. Working..."
https://kr.indeed.com/rc/clk?jk=a932acf44e28b66d&fccid=f0f57785b56c2161&vjs=3,Product Marketing and Applications Manager,서울,,"player in Qorvo UWB organization for new product launches... 
go-to-market in Korea, accompanying the related activities..."
https://kr.indeed.com/rc/clk?jk=752a4b5d63eac97c&fccid=f9a401b2af6cde91&vjs=3,Sr. Back-end Engineer (Python),서울 강남구,,"도와 변화를 즐기면서 함께 만들어 가고 싶은 분들은 숨고로 오세요! 이런 분을 찾아요 Java, Kotlin, 
Go, C++ 등을 활용한 5년 이상의 백엔드 개발 경험, 또는 이에 준하는 역량을 가지신 분 Python 및..."
https://kr.indeed.com/rc/clk?jk=ca682172ce1933cd&fccid=66403b30a2c0d89c&vjs=3,"Manager, Consumer Products",서울,,"Develop title strategy in partnership with Content and 
go-to-market plans by title (consumer, trade, and retail marketing..."
https://kr.indeed.com/rc/clk?jk=27363071b94c16bb&fccid=b1795e5453cac30a&vjs=3,[카페24자회사/SIIC부천센터] 쇼핑몰 고객지원팀,경기도 부천,,"font-size:15px; line-height:26px; letter-spacing:-0.5px; color:#353535; font-family:Malgun 
Go 고객상담·TM>인바운드 텔레마케터>쇼핑몰·홈쇼핑"
https://kr.indeed.com/rc/clk?jk=4c63db9b5f75fdae&fccid=66403b30a2c0d89c&vjs=3,"Manager, Film & Series Marketing, Korea",서울,,"selfless, collaborative marketing professional who will 
go beyond your roles to get great work done. Passionate about great..."
https://kr.indeed.com/rc/clk?jk=16212c98f49f0245&fccid=b716e44d2c6283e7&vjs=3,New Business Manager (Hunter),서울,,"motivated by growing business beyond where people think it can 
go. Entrepreneurial mindset; demonstrates drive, perseverance..."
https://kr.indeed.com/rc/clk?jk=b80e96a2ccf343c1&fccid=a5b4499d9e91a5c6&vjs=3,"Engineering Manager, Modem, Pixel Mobile Wireless",서울,,"developers, the Mobile team is giving you Google... 
go. Responsibilities Work with modem software team's functional..."
https://kr.indeed.com/rc/clk?jk=7f9d7445a2e842eb&fccid=2c62e4de04b8f952&vjs=3,Korea - Operations & Logistics GWM Business System Analyst,대한민국,,"preparation, test execution support, cutover planning support, 
Go-live & stabilization support • Support On-going O&L..."
https://kr.indeed.com/rc/clk?jk=77dfad5a778a94c2&fccid=b95f9eb47968fa13&vjs=3,Senior Data Scientist,서울,,"York, Paris, Stockholm, Peru… Make sure your passport is ready to 
go! WHO YOU ARE. YOU: Have deep technical and Data Science..."
https://kr.indeed.com/rc/clk?jk=8651b1289746bf48&fccid=fc0eeff012676923&vjs=3,Data Quality Manager,서울,,"We 
go beyond the obvious, using... linked to what you deliver. We 
go beyond the obvious, using intelligence, passion..."
https://kr.indeed.com/rc/clk?jk=95ddb3c0045d2344&fccid=4027cfd917e1ee29&vjs=3,Lead Solution Engineer (Korea),서울,,"various technologies & impeccable business acumen. 
Go-Getter . Willing to 
go the extra mile... strong work ethic; self..."
https://kr.indeed.com/rc/clk?jk=87fdaa66ba65fefe&fccid=32b9af632cf3b9f9&vjs=3,[광고 추천] 광고 추천 시스템 개발자 모집,성남 판교역,,"필수 자격 조건> Java 또는 
go lang 기반 서버 개발 경력 2년 이상 Linux 플랫폼에서 웹 서비스 개발/운영 경험 NoSQL 개발/운영 경험 <선호 자격 조건> 
go lang 개발 경험 광고 서비스 개발..."
https://kr.indeed.com/rc/clk?jk=d620781b8dd00490&fccid=af103eaff391cdf0&vjs=3,Consumer 4P manager - Korea,서울,,"time building a society... brighter and more inclusive. And we 
go big... big—huge. We’re a US$60 billion revenue..."
https://kr.indeed.com/rc/clk?jk=5c24522045b28d29&fccid=ea6bb53f0b18b8f2&vjs=3,Account Development Representative,서울,,"development teams aligned to support deployment of various 
go to market tactics including working with social selling..."
https://kr.indeed.com/rc/clk?jk=88a0669ad7823136&fccid=8d8a691a5d23f2d7&vjs=3,Global Business Development Manager,서울 역삼역,,"customers on site. 주요 업무 (이런 업무를 수행합니다) • Design and implement 
go-to-market strategy in Europe and North America • Identify..."
https://kr.indeed.com/rc/clk?jk=0c94b5acd7e50039&fccid=02c8bd6cf8517673&vjs=3,Account Manager,서울,,"different business models and business needs; Availability to 
go on business trips. Why join Paymentwall? If you are eager..."
https://kr.indeed.com/rc/clk?jk=0ae79c420737db6a&fccid=9d9f83befe96de93&vjs=3,KASI-Arizona Joint Postdoctoral Fellowship,대전 유성구,,"application deadline. Submit online application... UA: 1) 
Go to https://talent.arizona.edu and apply for Job Posting..."
https://kr.indeed.com/rc/clk?jk=08f5881743b0c9ba&fccid=bc48816053af06b3&vjs=3,LIVE 방송 서버 개발,경기도 성남,,"관심 많으신 분 - 다양한 기술스택을 가지며 플랫폼의 분석과 설계가 가능하신 분 - Linux 및 오픈소스 사용 경험이 있으신 분 - 
Go, Nodejs, TypeScript, Java등 다양한 언어의 경험이 있으신 분"
https://kr.indeed.com/rc/clk?jk=bb01900aa7b4ab34&fccid=fe2d21eef233e94a&vjs=3,Solutions Architect,서울,,"flexible pay-as-you-
go model frees our... tackle ambiguous customer requirements, 
go beyond what they say... what..."
https://kr.indeed.com/rc/clk?jk=90b60ec45890b571&fccid=445576e2a7ced0d6&vjs=3,[TmaxSoft/기술] 제품기획(제품사업팀) 담당자,서울,,"Manager 역할 수행 자격요건 - 소프트웨어/ IT 솔루션 기획 유경험자 - 소프트웨어/ IT 솔루션 
Go-to-Market 체계 이해도가 높으신 분 - 솔루션 아키텍트 경험 보유자 우대사항 - 열정적이고 책임감있는 긍정..."
https://kr.indeed.com/rc/clk?jk=209071bb84c3756a&fccid=4027cfd917e1ee29&vjs=3,Program Manager,서울,,"ideas: a new technology model in cloud computing, a pay-as-you-
go business model... new integrated corporate philanthropy..."
https://kr.indeed.com/rc/clk?jk=7272e99379b96365&fccid=65b5f2aba4dbd31f&vjs=3,GI & ABUS Clinical Application Specialist,서울,,"support, including on-site clinical in-servicing and 
go-live support Actively manage the relationship... assigned..."
https://kr.indeed.com/rc/clk?jk=52b7bd40c20eb93a&fccid=be617507d5c823af&vjs=3,[태양광대기업] 개발 PM - EV충전 에너지모니터링 및 제어 부문,서울,,"현장 Edge device부터 서비스까지의 파이프라인 구축 경험 [비고] - 프로젝트 개발 초기부터 런칭 및 
Go-live 참여 경험자 - Java, Spring framework, RESTful API 등의 기술환경에 익숙..."
https://kr.indeed.com/rc/clk?jk=acb033365ac6d2c0&fccid=66403b30a2c0d89c&vjs=3,"Manager, Partner Marketing",서울,,"relationship with our partners in Korea... first layer of 
go-to across various levels of partners’ marketing..."
https://kr.indeed.com/rc/clk?jk=277451e809fe252c&fccid=b3a3d9b7840e20cb&vjs=3,Market Development Manager,서울,,"Manager. Sr Marketers also contribute towards the assessment of local 
go-to market strategies and channel partners, including..."
https://kr.indeed.com/rc/clk?jk=e16d83d564011a96&fccid=fc0eeff012676923&vjs=3,Regional Director of Beauty Business Unit Asia,서울,,"We 
go beyond the obvious, using... linked to what you deliver. We 
go beyond the obvious, using intelligence, passion..."
https://kr.indeed.com/rc/clk?jk=a5c4cc2e1637728c&fccid=a8ac43179956a6aa&vjs=3,[정보보호기술] 클라우드 보안기술 개발자,성남 삼평동,,"대한 보안환경 구축 및 운영 · 클라우드 관련 보안 정책 운영 및 보안 계획 수립 필수 경험과 역량 · 
Go-lang, Java, Python 등으로 개발된 오픈소스를 업무에 활용한 경험 및 개발 역량(일부 수정, 연동모..."
https://kr.indeed.com/rc/clk?jk=8c7097de188ea8b4&fccid=fe2d21eef233e94a&vjs=3,Associate Solutions Architect,서울,,"abundance of technology, coupled with flexible pay-as-you-
go model frees our customers' mental and financial capacity..."
https://kr.indeed.com/rc/clk?jk=41db801ed74f0472&fccid=f334737e3fd6818e&vjs=3,Lead Solution Engineer (Korea),서울,,"various technologies & impeccable business acumen. 
Go-Getter . Willing to 
go the extra mile... strong work ethic; self..."
https://kr.indeed.com/rc/clk?jk=295f75a4ef30316b&fccid=4141256365dbb7d7&vjs=3,"Senior Specialist P&C Operations Seoul, South Korea People &...",서울,,"10, Gukjegeumyung-ro, Yeongdeungpo-gu, Seoul, Korea HOW TO APPLY • 
Go PMI career site... pmi.com/careers"" and set ‘South..."
https://kr.indeed.com/rc/clk?jk=5c9eae9d9856def4&fccid=0562f887e2bed9ea&vjs=3,"Regional Sales Manager, BFSI",서울,,"Deep understanding of channel partners... channel centric 
go to market approach Knowledgeable in Complex Solution Sales..."
https://kr.indeed.com/rc/clk?jk=3cceef1d8c28c215&fccid=a58f4ec5f9211270&vjs=3,Senior Field Applications Engineering Manager,서울,,"generation of innovators who think bigger, aim higher, and 
go faster... you up... challenge of helping shape humanity..."
https://kr.indeed.com/rc/clk?jk=a95dc5a4c6b81e06&fccid=3a6b309410a33a62&vjs=3,Sales Effectiveness Specialist,서울,,"preferred). High level of skill for developing channel-fit 
Go-To-Market strategy. High level of skill for analyzing data..."
https://kr.indeed.com/rc/clk?jk=002a43a3e0080f72&fccid=551fa28f29848303&vjs=3,Marketing Manager,서울,,"sales enablement tools, and deploy digital transformation Ensure 
Go-To-Market tools are up to date and teams leverage tools..."
https://kr.indeed.com/rc/clk?jk=301080ed100eb227&fccid=e696d83fde5c0f20&vjs=3,마케팅 담당자 모집,서울 구로구,,"및 우대사항 마케팅 모바일 게임 마케팅 지원하기 - 국내/글로벌 모바일 게임 마케팅 담당 - 게임 별 
Go-to-Market 전략 수립 및 실행 (브랜딩/매체/소재) - 론칭 및 라이브 게임 마케팅 지표 분석 및..."
https://kr.indeed.com/rc/clk?jk=6fc1757f7c964280&fccid=8ccf12dd65544365&vjs=3,민트팟 소프트웨어 외주개발 프로젝트 매니저 (PM) 인턴,서울 서초구,,"7. 간식 제공: 일하다 출출할 땐 눈치 보지 말고 민트팟 간식 창고로 
Go 
Go! 8. 조기 퇴근: ""일이 생겨 빨리 들어가 봐야할 거 같아요!"" 그렇다면 조기 퇴근 신청으로 
Go! 9. 신규직원 Welcome Box 제공..."
https://kr.indeed.com/rc/clk?jk=8f42d2447305e915&fccid=d47acb5b5596d9e4&vjs=3,F&B Service Attendant,서울,,"flawless table settings, and your friendly demeanor do not 
go unnoticed. No matter the day, you set out to provide each guest..."
https://kr.indeed.com/rc/clk?jk=7f5f25f28c688c85&fccid=0a4ad7ebd9b0c8ee&vjs=3,A-HW Sales Representative,서울,,"access solutions. In return, we open doors for them wherever they 
go... nearly 50,000 colleagues in more than 70 different..."
https://kr.indeed.com/rc/clk?jk=7baf10e2cd12e0e9&fccid=9834e576343ebcc2&vjs=3,Project Manager,서울,,"복잡한 프로그램과 이커머스 (전자 상거래) 응용 프로그램의 구현을 관리하는 경험. 3. UAT, 출시 및 
Go-Live 유지 관리 사후를 포함한 전반적인 프로젝트 관리 경험 a) 소프트웨어 환경에서 비즈니스 분석가 및..."
https://kr.indeed.com/rc/clk?jk=c73d603881ba3d48&fccid=a5b4499d9e91a5c6&vjs=3,"Software Engineer, Platforms & Ecosystems, Android Auto",서울,,"languages: Java, C/C++, C#, Objective C, Python, JavaScript, or 
Go. Interest and ability to learn other coding languages..."
https://kr.indeed.com/rc/clk?jk=bc9253b443201ff9&fccid=4141256365dbb7d7&vjs=3,"Manager Technical Services Yangsan, South Korea Operations",대한민국,,"12-gil, Yangsan-si, Gyeongsangnam-do HOW TO APPLY • 
Go PMI career site... pmi.com/careers"" and set ‘South Korea..."
https://kr.indeed.com/rc/clk?jk=fb56ac654658834e&fccid=d29c5f56235af7ca&vjs=3,System Application Engineer for Battery Management Systems,서울,,"application marketing manager closely to support the G2M (
Go-to-market) activities for BMS applications Provide 3rd level..."
https://kr.indeed.com/rc/clk?jk=2d03a8e00016009c&fccid=412ff571bced2587&vjs=3,[NAVER Cloud] 네이버 클라우드 빅데이터플랫폼 상품 개발,서울,,"상품 개발 및 운영 [지원자격/ 필요역량] - Back-End 개발 경력 2년 이상 - Java,Python,
Go 중 한가지 언어를 능숙하게 사용할 수 있는 능력 - Hadoop 및 Hadoop ecosystem(Hive..."
https://kr.indeed.com/rc/clk?jk=6f7172500c2b1d55&fccid=30773a412646b7f9&vjs=3,Site Reliability Engineer(SRE),서울 강남구,,"3. Familiar... least two programming language: C, C++, Java, 
Go 4. Good Shell script skill... least one scripting..."
https://kr.indeed.com/rc/clk?jk=d9f87545c0430727&fccid=8ccf12dd65544365&vjs=3,민트팟 소프트웨어 외주 개발 프로젝트 매니저(PM),서울 서초구,,"가능! 간식 제공: 일하다 출출할 땐 눈치 보지 말고 민트팟 간식 창고로 
Go 
Go! 조기 퇴근: ""일이 생겨 빨리 들어가 봐야할 거 같아요!"" 그렇다면 조기 퇴근 신청으로 
Go! 모집분야: 소프트웨어 외주 개발 프로젝트..."
https://kr.indeed.com/rc/clk?jk=02d81b00caa4c61d&fccid=d586f59778af3df9&vjs=3,a BILINGUAL English teacher,서울,,"visa status, self introduction, desired salary) We will 
go through your resume and contact you for an interview. Thank you. ^^"
https://kr.indeed.com/rc/clk?jk=3f02d7c3bfa3b225&fccid=a5b4499d9e91a5c6&vjs=3,"Software Engineer, Embedded Systems, Android OS",서울,,"development of Android OS Experience coding in Java, 
Go, Rust... Python Knowledge of Unix/Linux environments and kernel..."
https://kr.indeed.com/rc/clk?jk=3a0299ab39d8559a&fccid=fe5e8af9137d1786&vjs=3,Line3 Yaksu st Part time Gyopo English teacher (MWF)Seoul,서울,,"interview. Thank you! Direction Near Yaksu station Line #3 
Go straight from Exit # 2, Pass by 금돼지식당and you will find CU . We..."
https://kr.indeed.com/rc/clk?jk=4b245f83c445fc16&fccid=f334737e3fd6818e&vjs=3,Account Executive,서울,,"technology... you can learn it quickly. 
Go-Getter . You are willing to 
go the extra mile... strong work ethic; self..."
https://kr.indeed.com/rc/clk?jk=c7d674c1d5466ed2&fccid=617504e506359426&vjs=3,지스트 블록체인인터넷경제연구센터 계약직(연구원),광주 북구,,"포크 1) 4년제 대학 이상 졸업자 2) SW프로그래밍 제작 경험자 3) Python/C/Java/
Go 프로그래밍 가능자 우대사항 ① 국가보훈대상자(취업보호대상자) 및 장애인은 관련 법령에 의거하여 우대 ② 전산..."
https://kr.indeed.com/rc/clk?jk=049b2d4b78d14943&fccid=432c7642003cc768&vjs=3,Business Development Specialist,서울,,"planning, shipment checking, installation arrangement and 
go-live. Post installation following up to track issues, monitor..."
https://kr.indeed.com/rc/clk?jk=eff6d38d4767ff87&fccid=b95f9eb47968fa13&vjs=3,Software Engineer,서울,,"parallel computing TECHNOLOGIES: Languages programming: Python, 
GO, C++, Java, Scala, JavaScript, TypeScript DevOps: Docker..."
https://kr.indeed.com/rc/clk?jk=ac4b372cafbeb314&fccid=dd616958bd9ddc12&vjs=3,효능분석팀 (팀장) 신약개발 전문기업,경기도,,"분석실험 디자인 및 최적화(정읍분소 협력) 4) 타깃관련 문헌분석(시장조사, 특허조사, 논문조사 등)으로 
go/no-
go decision 합리적 판단 근거 제공 5) GPCR 등 pipeline 타깃 동향 모니터링 6) 국책..."
https://kr.indeed.com/rc/clk?jk=7f2c4d6b819800f6&fccid=af103eaff391cdf0&vjs=3,SSG Premium Services Support Technical Support Engineer - Ko...,서울,,"time building a society... brighter and more inclusive. And we 
go big... big—huge. We’re a US$60 billion revenue..."
https://kr.indeed.com/rc/clk?jk=659eca74a23bc952&fccid=915837b22fb3a5f0&vjs=3,Client Protection Associate (Hong Kong > Seoul),서울,,"right thing to do... vital to driving progress. We 
go the extra mile to build teams of people with diverse backgrounds..."
https://kr.indeed.com/rc/clk?jk=de3a0914482bbf55&fccid=dd09fe3b43125016&vjs=3,Data Center Solutions Principal,서울,,"sales organizations to articulate our unique perspective on 
go-to-market service solutions and credentialing our delivery..."
https://kr.indeed.com/rc/clk?jk=ca4f22367d6b25a3&fccid=3fef0dd153390f59&vjs=3,(주)놀이터컴퍼니 SCM물류파트 정규직 및 생산팀 정규직,경기도 오산,,"물류파트- O/A능통자(MS,
GO), ERP능숙자 우대 생산직- 기계활용능력자 우대 인근거주자, 운전면허소지자 우대 유통·물류·운송·운전>운송·물류>물류관리|생산·정비·기능·노무>생산·조립·가공·포장·검품>제품생산"
https://kr.indeed.com/rc/clk?jk=e8e22219392bf9ce&fccid=f2b5a2a21d1b60eb&vjs=3,데이터 엔지니어,서울 구로구,,"운영 경험이 있으신 분 - 프로그래밍 개발 및 스크립트 작성이 가능하신 분 - 대규모 서비스 운영 경험이 있으신 분 - 클라우드 환경에서의 운영 경험이 있으신 분 - Python, 
GO 개발 경험 있으신 분 비고"
https://kr.indeed.com/rc/clk?jk=40a9d10046c882fb&fccid=d47acb5b5596d9e4&vjs=3,Officer-Loss Prevention,부산,,"goes far beyond basic. Because of you, our guests can come and 
go freely without worry Your dedication to safety provides..."
https://kr.indeed.com/rc/clk?jk=402b67ce7c484619&fccid=04a37cb60fd02dd3&vjs=3,Head of Partner Marketing - Korea,서울,,"alliances organization on Snowflake’s strategic sponsorships and 
go-to-market execution plan at partner events Own & drive..."
https://kr.indeed.com/rc/clk?jk=14d16009420e426e&fccid=e90e80bc9ed9a53f&vjs=3,Observability Software Engineer,대한민국,,"및 운영 자격요건 컴퓨터공학 기본 지식에 대한 이해와 능숙하게 활용하실 수 있으신 분 Java, Kotlin, 
Go, Rust 중 하나 이상 언어에 능숙하신 분 Linux를 이용한 실무 경험이 있으신 분 다양한 언어나 기술..."
https://kr.indeed.com/rc/clk?jk=9e1087fb52a47824&fccid=c5c99ec01e2125aa&vjs=3,Korea Ultrasound WHS Leader,서울,,"Healthcare Korea에서 Korea Ultrasound WHS Leader 차~부장급을 채용합니다. 
Go To Market, 채널 등 다양한 마케팅 전략, Sales & 채널파트너사 교육, 학회 Key Opinion..."
https://kr.indeed.com/rc/clk?jk=5b4b022defc422be&fccid=0bed8e17bc113980&vjs=3,"Senior Manager, Data Science",대한민국,,"projects by developing and applying creative solutions that 
go beyond current tools to deliver data-driven insights to high..."
https://kr.indeed.com/rc/clk?jk=e41613e85c10c07b&fccid=a5b4499d9e91a5c6&vjs=3,"Layer 1 Hardware Engineer, Pixel Mobile Wireless",서울,,"developers, the Mobile team is giving you Google... 
go. Responsibilities Work with modem software team’s functional..."
https://kr.indeed.com/rc/clk?jk=e98493b33e1f421a&fccid=2c62e4de04b8f952&vjs=3,"Marketing Director, Converse - Korea",서울,,"marketing global strategy/direction into annual and seasonal 
go-to-market execution. * Own both the long-term and short-term..."
https://kr.indeed.com/rc/clk?jk=8eb73374cdc9e846&fccid=dd616958bd9ddc12&vjs=3,Gaming Marketing (위원급) 국내 대기업,서울특별시,,"태계 Alliance 조성을 위한 사업 전략 수립 <기대역할> 1)단기  게임 관련 산업 유력 인사 네트워킹  
Go to market 전략 수립에 있어 소비자 또는 고객전략 관점에서 어드바이스 2)장기  게임 산업의..."
https://kr.indeed.com/rc/clk?jk=97d058b47dcfa7c5&fccid=7442885bc0fa7c14&vjs=3,Sr Solution Consultant,서울,,"team... hands-on technical consultant who can 
go wide and deep on solution delivery and solution positioning during..."
https://kr.indeed.com/rc/clk?jk=6c9d8894719a5440&fccid=29d37d43c382c8fe&vjs=3,Industry Process Consultant - System Engineering,서울,,"deal size, accelerate deal signature and secures successful 
go-live. The Industry Process Consultant is also able..."
https://kr.indeed.com/rc/clk?jk=2e51b0c7cd58a102&fccid=d47acb5b5596d9e4&vjs=3,Senior Server (시니어 사원),서울,,"flawless table settings, and your friendly demeanor do not 
go unnoticed. No matter the day, you set out to provide each guest..."
https://kr.indeed.com/rc/clk?jk=0e1ecc2217c03cea&fccid=c1099851e9794854&vjs=3,Channel / Partner Digital Lead - Marcom,서울,,"plays a strategically important role in Apple’s overall 
go-to-market strategy. The Channel / Partner Digital Lead plays..."
https://kr.indeed.com/rc/clk?jk=99d83bdfd2fffadd&fccid=ea6bb53f0b18b8f2&vjs=3,Mendix - Senior Consultant (South Korea),서울,,"throughout the project is crucial - you... 
go-to"" person for management updates... customer, partners..."
https://kr.indeed.com/rc/clk?jk=986df5a789b6ff0c&fccid=087aaf21c7121482&vjs=3,Associate Consultant - Technology Services (FDC),서울,,"values every day, who delight our customers, every day, and who 
go above and beyond, every day. Our culture is unique, and I..."
https://kr.indeed.com/rc/clk?jk=032e98c63921b68e&fccid=d47acb5b5596d9e4&vjs=3,Server,대구,,"flawless table settings, and your friendly demeanor do not 
go unnoticed. No matter the day, you set out to provide each guest..."
https://kr.indeed.com/rc/clk?jk=7ec3385ac2cd6656&fccid=906e0ed766138448&vjs=3,MS Engineer,서울,,"Symantec EndPoint Protection, Symantec System Recovery, Citrix 
Go-To-Assist MS-Active Directory MS-Windows Server MS-Windows..."
https://kr.indeed.com/rc/clk?jk=0a94642300de8bb9&fccid=4e75c921d3645259&vjs=3,菜鸟网络 Network and Planning Manager-Linehaul 韩国,서울,,"kick off until pro-
go live review, lead the team to execute the project until 
go live and handover to operation team. 6..."
https://kr.indeed.com/rc/clk?jk=91687533765e7983&fccid=0a4ad7ebd9b0c8ee&vjs=3,FP&A,서울,,"access solutions. In return, we open doors for them wherever they 
go... nearly 50,000 colleagues in more than 70 different..."
https://kr.indeed.com/rc/clk?jk=b47cee2c13c7733f&fccid=c1099851e9794854&vjs=3,Interactive Producer - Marcom,서울,,"digital marketing activities so... determine optimal 
go-forward communication strategies. Education & Experience Bachelors..."
https://kr.indeed.com/rc/clk?jk=0a312e48fd053513&fccid=a72ebaf825acf7af&vjs=3,데이터 엔지니어,서울 구로구,,"분 - 대규모 서비스 운영 경험이 있으신 분 - 클라우드 환경에서의 운영 경험이 있으신 분 - Python, 
GO 개발 경험 있으신 분 본 채용은 상시 채용으로 면접이 수시로 진행되며, 先지원자에게 기회가 먼저 부여되..."
https://kr.indeed.com/rc/clk?jk=a425f2eadc3a6f66&fccid=0a4ad7ebd9b0c8ee&vjs=3,APAC Internal Audit Manager,서울,,"access solutions. In return, we open doors for them wherever they 
go... nearly 50,000 colleagues in more than 70 different..."
https://kr.indeed.com/rc/clk?jk=f1f177216d200611&fccid=adec49a5729b60f3&vjs=3,Firmware Engineer,서울,,"IoT applications - at home, at work... car... 
go. We solve complex challenges alongside the most influential..."
https://kr.indeed.com/rc/clk?jk=762baa8b0e783892&fccid=010be27aa17ea766&vjs=3,Retail Interior Designer,서울,,"via our mobile app for customers who prefer a quick grab-and-
go. Already operating in five countries, we... trajectory..."
https://kr.indeed.com/rc/clk?jk=27a7490524c2e2ba&fccid=c7e21868d667ab79&vjs=3,Server Services Specialist,서울,,"strengthening. We push ourselves and each other to seek better, to 
go further, and we carry this energy to our customers..."
https://kr.indeed.com/rc/clk?jk=5688bfdd73e4a00e&fccid=2c62e4de04b8f952&vjs=3,Korea - Ops & Logistics Business System Analyst Lead (Icheon...,대한민국,,"preparation, test execution support, cutover planning support, 
Go-live & stabilization support •Knowledge management..."
https://kr.indeed.com/rc/clk?jk=9fe9f9f194fe88ef&fccid=bb73ac65c6cbd913&vjs=3,"마시타고GO 광교관(일본가정식) 조리부,주방보조,홀서버 O명",수원 영통구,,"여부 불가능 기타 복리후생 사항 경조사, 연휴. 마시타고
GO와쇼쿠 광교관. 퓨전일본가정식 돈부리 및 일본가정식 요리집입니다. 시즌제로 운영되었던 마시타고
GO본점의 패밀리매장으로 특별한 감성으로 요리합니다. 한 그릇에..."
https://kr.indeed.com/rc/clk?jk=223eb68e023f324f&fccid=0a4ad7ebd9b0c8ee&vjs=3,FP&A Specialist,서울,,"style, you are committed to your customers, happy to 
go the extra mile... always acting as a true specialist and trusted..."
https://kr.indeed.com/rc/clk?jk=6776e96db31639b1&fccid=4141256365dbb7d7&vjs=3,"EHS Specialist Yangsan, South Korea Operations",대한민국,,"12-gil, Yangsan-si, Gyeongsangnam-do HOW TO APPLY • 
Go PMI career site... pmi.com/careers"" and set ‘South Korea..."
https://kr.indeed.com/rc/clk?jk=82103d939b796aa7&fccid=fe2d21eef233e94a&vjs=3,ISV Success Manager,서울,,"drive joint GTM (
Go-To-Market) and Sell... partner and customer success... 
Go To"" resource for ensuring key high..."
https://kr.indeed.com/rc/clk?jk=df24e94cdd0f9335&fccid=e90e80bc9ed9a53f&vjs=3,Software Engineer (Blockchain MainNet),대한민국,,"CBDC) 플랫폼 연구/설계/개발/운용 자격요건 블록체인 기술과 이를 이용한 서비스 개발에 대한 관심 있으신 분 
Go 언어가 능숙하신 분 새로운 언어와 기술을 습득하시고 업무에 적응하는데 능숙하신 분 분산 시스템에 필요한..."
https://kr.indeed.com/rc/clk?jk=76afd22d2d777ba6&fccid=fc0eeff012676923&vjs=3,Account Manager,서울,,"We 
go beyond the obvious, using... linked to what you deliver. We 
go beyond the obvious, using intelligence, passion..."
https://kr.indeed.com/rc/clk?jk=ce7849f8b35e1c3e&fccid=448951d0ddf03e0c&vjs=3,Technical Enablement Manager,서울,,"etc.. Scripting languages like Python, Javascript, Ruby, Perl, 
Go, PHP, or Chef/Puppet etc.. Why You Should Apply: Generous..."
https://kr.indeed.com/rc/clk?jk=409534138c601bac&fccid=fdb210f6a49b1c13&vjs=3,"Director, Campaign Planning, HBO Max",서울,,"collaborative Marketing professional who will naturally 
go beyond roles and titles to get great work done... Perks..."
https://kr.indeed.com/rc/clk?jk=19501042c9d53ca0&fccid=d43e21c13934858e&vjs=3,Track Mechanic Lead - Camp Carroll (Daegu),대한민국,,"Alaska Native Corporation (ANC), 100% of our company’s profits 
go back to our 14,300 Iñupiat shareholders that have resided..."
https://kr.indeed.com/rc/clk?jk=87a39492915b9eee&fccid=fc0eeff012676923&vjs=3,Consultant,서울,,"We 
go beyond the obvious, using... linked to what you deliver. We 
go beyond the obvious, using intelligence, passion..."
https://kr.indeed.com/rc/clk?jk=2b68c103d10856bd&fccid=0a4ad7ebd9b0c8ee&vjs=3,GL Expert,서울,,"committed to your customers, happy to 
go the extra mile... always acting... them wherever they 
go... nearly 50,000..."
https://kr.indeed.com/rc/clk?jk=7c43fcfc2cad83c6&fccid=0bed8e17bc113980&vjs=3,Regional Marketing Sr. Manager-ImmuDerm,대한민국,,"positioning/messaging & facilitate Global alignment . iii.
Go To Market Strategy • Collaborate with Country & Regional Cross..."
https://kr.indeed.com/rc/clk?jk=eddfc6c176c324ec&fccid=4141256365dbb7d7&vjs=3,"Scientific Affairs Executive Seoul, South Korea External Aff...",서울,,"10, Gukjegeumyung-ro, Yeongdeungpo-gu, Seoul, Korea HOW TO APPLY • 
Go PMI career site... pmi.com/careers"" and set ‘South..."
https://kr.indeed.com/rc/clk?jk=b10f305f5be3e866&fccid=d43e21c13934858e&vjs=3,Heavy Wheel Mechanic Lead - Camp Carroll,대한민국,,"Alaska Native Corporation (ANC), 100% of our company’s profits 
go back to our 14,300 Iñupiat shareholders that have resided..."
https://kr.indeed.com/rc/clk?jk=82a8569659c60c33&fccid=6f8a5b7187e3ad3e&vjs=3,Tanzu Senior Solution Engineer,서울 강남구,,"프리세일즈 경험Spring/Java, Ruby/Rails, .NET Core/C#/ASP.NET/WCF 또는 
Go 등 하나 이상의 개발 프레임워크를 다뤄본 경험, 메시징 및 데이터베이스 시스템과 같은 다양한 유형의 미들웨어..."
https://kr.indeed.com/rc/clk?jk=ab4fd13e9af19cc9&fccid=da1c713f8d71846e&vjs=3,Sales Director (South Korea),대한민국,,"business... potential for business alignment 
Go high-and-wide within enterprise organizations to understand the full..."
https://kr.indeed.com/rc/clk?jk=529c5480c89bff50&fccid=a1e4e21b1f33cf40&vjs=3,[리니지M] 서버 프로그래머 모집,성남 판교역,,"SQL)에 익숙하신 분 - 협업과 의사 소통이 원활하고 성실하신 분 우대사항 - 크래시 덤프 분석 능력 - 
Go, Kotlin(JVM 언어 포함) 언어로 개발 경험 - 함수형 프로그래밍에 대한 이해 - 마이크로 서비스 아키텍..."
https://kr.indeed.com/rc/clk?jk=d13c4235c8d4ac98&fccid=7095ffd299c81ef3&vjs=3,"Account Executive, Korea",대한민국+1 지역,,"What You'll Achieve: Plan, build and implement our Korea 
Go-to-Market strategy from the ground up Prospect and develop new..."
https://kr.indeed.com/rc/clk?jk=137f643d6367235d&fccid=7442885bc0fa7c14&vjs=3,Advisory Solution Consultant,서울,,"team... hands-on technical consultant who can 
go wide and deep on solution delivery and solution positioning during..."
https://kr.indeed.com/rc/clk?jk=aec461f105d1cb32&fccid=fe2d21eef233e94a&vjs=3,"Sr. Containers Specialist, Korea",서울,,"Container Services 
Go-To-Market (GTM... verticals we target. · Set a strategic 
Go-To-Market plan for target market segments..."
https://kr.indeed.com/rc/clk?jk=09b142240e69cfc7&fccid=353eb997fc901045&vjs=3,Field Marketing Associate - APAC,서울,,"Software / B2B Tech Experience in building and executing 
go-to-market plans and integrated marketing programs by country..."
https://kr.indeed.com/rc/clk?jk=73f13bfb47ba3e46&fccid=d47acb5b5596d9e4&vjs=3,Service Attendant,인천,,"flawless table settings, and your friendly demeanor do not 
go unnoticed. No matter the day, you set out to provide each guest..."
https://kr.indeed.com/rc/clk?jk=1ea3bd9fcf7102c1&fccid=c7e21868d667ab79&vjs=3,IT Architect - PaaS,서울,,"strengthening. We push ourselves and each other to seek better, to 
go further, and we carry this energy to our customers..."
https://kr.indeed.com/rc/clk?jk=21ba056946e5abdf&fccid=fe2d21eef233e94a&vjs=3,"Solutions Architect - AMAZON Web Services, Korea",서울,,"flexible pay-as-you-
go model frees our... tackle ambiguous customer requirements, 
go beyond what they say... what..."
https://kr.indeed.com/rc/clk?jk=80e11ef57ed473a8&fccid=8f25d2e5fd885f0e&vjs=3,Kindergarten Teacher,서울,,"must have... physical diploma apostilled and ready to 
go Candidates must have a federal-level background check along..."
https://kr.indeed.com/rc/clk?jk=0173c8e357d26ddf&fccid=353eb997fc901045&vjs=3,Engagement Partner,서울,,"successful 
go-live. You will also monitor... activities (post-
go-live services) to support post-
go activities Coordinate..."
https://kr.indeed.com/rc/clk?jk=37832620ee1158bb&fccid=f5ccb08e180572d7&vjs=3,Teacher of Biology,대한민국,,"tuition for up to two children... school. To apply, 
go to https... dulwich.org/careers and lodge your application..."
https://kr.indeed.com/rc/clk?jk=1fe42f7bb2cb277c&fccid=505fc1a5cafb9607&vjs=3,Product Manager for Medical Display,서울,,"owner in responsibility of product roadmap planning and 
go-to-market strategy •Manage New Product Development Process..."
https://kr.indeed.com/rc/clk?jk=b15d4d3b640b4b11&fccid=c908408e676247d6&vjs=3,Sr. Strategic Alliance Manager,서울,,"undertake territory & competitor analysis as part... 
go-to-market (GTM) planning process... feeds... joint..."
https://kr.indeed.com/rc/clk?jk=ce37cde1af90dd38&fccid=7d9f0b49c082efb7&vjs=3,Grade 2 Homeroom Teacher,경기도 용인,,"background check... federal level apostille ready to 
go Preferences Candidates... teaching license are preferred..."
https://kr.indeed.com/rc/clk?jk=561389b837d2ecea&fccid=d17574389d90f74e&vjs=3,Sales Associate,서울,,"sales goals on a monthly, quarterly and yearly basis •“
Go the extra mile” to drive sales •Maintain in-stock and presentable..."
https://kr.indeed.com/rc/clk?jk=9d1832648fe5a88d&fccid=fe2d21eef233e94a&vjs=3,Data Center Regional Mechanical / Electrical Engineer (Field...,서울,,"through site improvement and maintenance. You... 
go to’ engineering resource for your region when technical advice..."
https://kr.indeed.com/rc/clk?jk=c14b6d6c1bc5a2d3&fccid=d43e21c13934858e&vjs=3,Stock Clerk,대한민국,,"Alaska Native Corporation (ANC), 100% of our company’s profits 
go back to our 14,300 Iñupiat shareholders that have resided..."
https://kr.indeed.com/rc/clk?jk=be2b62bf4c19ed2a&fccid=f5ccb08e180572d7&vjs=3,Teacher of Mandarin,서울+1 지역,,"tuition for up to two children... school. To apply, 
go to https... dulwich.org/careers and lodge your application..."
https://kr.indeed.com/rc/clk?jk=ccf8220ee1cd4011&fccid=d43e21c13934858e&vjs=3,Supply Technician,대한민국,,"Alaska Native Corporation (ANC), 100% of our company’s profits 
go back to our 14,300 Iñupiat shareholders that have resided..."
https://kr.indeed.com/rc/clk?jk=44f7c818eea05a2a&fccid=caed318a9335aac0&vjs=3,Product Marketing Intern - Korea,서울,,"performance trends and test hypotheses to help shape 
go-to-market strategies - Perform analysis on branding ads to uncover..."
https://kr.indeed.com/rc/clk?jk=88a686be88b238ec&fccid=f3f358d74cbc8ff7&vjs=3,2021년 수퍼빈 인프라운영실 운영지원 경력자,성남 분당구,,"등의 다년 경험 필요 - B2B 기반의 영업 기획, 사업 기획 및 분석, 
Go to Market strategy 경험 - 정량/정성적 데이터 기반으로... 영업 기획, 사업 기획 및 분석, 
Go to Market strategy..."
https://kr.indeed.com/rc/clk?jk=88f7132989a998d0&fccid=fdb210f6a49b1c13&vjs=3,"Executive Assistant, HBO Max, Korea",서울,,"technologies and experience• “Can do” attitude and flexibility to 
go the extra mile• Exceptionally strong organization skills..."
https://kr.indeed.com/rc/clk?jk=4a7acc88c33da696&fccid=ba09d1fb10fc3ed8&vjs=3,제이월드 영업마케팅팀장,서울 강남구,,"2. Build GTM strategy development and Marketing Support - 
Go-To-Market strategy development and execution with local partner..."
https://kr.indeed.com/rc/clk?jk=b41da6e6bf2e13f8&fccid=d2621f51dde471d3&vjs=3,"Columnist, Heard on the Street",서울,,"current employee at Dow Jones, do not apply here. Please 
go... Career section on your Workday homepage and view ""Find..."
https://kr.indeed.com/rc/clk?jk=d5043191bd62b81e&fccid=3e34ac4ae73849ba&vjs=3,Administrative Assistant,서울,,"all of Dassault Systemes life science capabilities in one 
go-to-market organization, providing our clients with life science..."
https://kr.indeed.com/rc/clk?jk=a58ddaef4cc93696&fccid=dc86b41d5cdf3527&vjs=3,Clinical Research Associate Entry,서울,,"All of our careers require that you first complete an online application and 
go through some sort of interview process."
https://kr.indeed.com/rc/clk?jk=3281a34535101e49&fccid=d43e21c13934858e&vjs=3,EHS Specialist,대한민국,,"Alaska Native Corporation (ANC), 100% of our company’s profits 
go back to our 14,300 Iñupiat shareholders that have resided..."
https://kr.indeed.com/rc/clk?jk=3a9c78f3d15b2c07&fccid=a934c85e45c63f93&vjs=3,Marketing Assistant,대한민국,,"education for experience. For additional information, please 
go... Office of Personnel Management (OPM... U..."
https://kr.indeed.com/rc/clk?jk=c73e3a126bc4158e&fccid=fdb210f6a49b1c13&vjs=3,"Executive Assistant to Country Manager, HBO Max, Korea",서울,,"new technologies and experience • “Can do” attitude and flexibility to 
go the extra mile • Exceptionally strong organization..."
https://kr.indeed.com/rc/clk?jk=55a23fbc50833e2f&fccid=fe2d21eef233e94a&vjs=3,Business Developer Intern (January to July 2022),서울,,"tomorrow. We do... incubating new 
go-to-market initiatives, owning strategic... prescriptive 
go-to-market strategies..."
https://kr.indeed.com/rc/clk?jk=6534c2cfc3ca0cec&fccid=d43e21c13934858e&vjs=3,Facilities Engineer - Camp Carroll,대한민국,,"Alaska Native Corporation (ANC), 100% of our company’s profits 
go back to our 14,300 Iñupiat shareholders that have resided..."
https://kr.indeed.com/rc/clk?jk=b44a45b08958ccf4&fccid=734cb5a01ee60f80&vjs=3,Software Engineer,서울,,"C#, JavaScript, Ruby or 
Go. * Coordinate... patterns. Experience... Net/C#, Ruby, 
Go, or JavaScript preferred Real-world..."
https://kr.indeed.com/rc/clk?jk=6063067f58daecb9&fccid=6ecf392a15407b3e&vjs=3,광학솔루션사업부 경력사원 공고,경기도 안산,,"OPIC IH 이상, HSK 5급 이상) - B2B 마케팅 및 RFQ/원가분석 유경험자 우대 - STP 및 
Go-to-Market 전략수립 경험 [수행 업무] - 모바일 및 IT향 카메라 모듈 / 3D 인식 모듈 MGPP..."
https://kr.indeed.com/rc/clk?jk=8fb18cf3f080a2f8&fccid=a5b4499d9e91a5c6&vjs=3,"Country Operations Manager, Strategy & Operations, Go-to-Mar...",서울,,"Strategy & Operations organization, within 
Go-to-Market (GTM), provides business... both Google’s 
go to market organization..."
https://kr.indeed.com/rc/clk?jk=0173e8547d42c81f&fccid=82656d64a9a3e6a7&vjs=3,Developer,서울,,"Emerging Business... designed to help our customers 
go digital, increase efficiency, find new revenue streams, and create..."
https://kr.indeed.com/rc/clk?jk=55c0f7de7df80cf3&fccid=a2ce486f2a6b8708&vjs=3,CRA,대한민국,,"Your time here At Parexel, the CRA role offers the opportunity to 
go beyond the role of a typical clinical monitor. CRA..."
https://kr.indeed.com/rc/clk?jk=3c32f926862f54b3&fccid=c1099851e9794854&vjs=3,"Head of Programming, Today at Apple",서울,,"inspires our audiences to learn, create something new, and 
go further... creativity. The Head of Programming is an..."
https://kr.indeed.com/rc/clk?jk=5630b41a4ef05817&fccid=d43e21c13934858e&vjs=3,Gunsmith II,대한민국,,"Alaska Native Corporation (ANC), 100% of our company’s profits 
go back to our 14,300 Iñupiat shareholders that have resided..."
https://kr.indeed.com/rc/clk?jk=3880322c151b4db8&fccid=ba07516c418dda52&vjs=3,"Creative Strategist, Korea",서울,,"platforms. You’ll 
go deep... set... house or agency designer. The role will 
go from zoomed out-ideating new global..."
https://kr.indeed.com/rc/clk?jk=3a971b518fef36bf&fccid=a6a6cb08ca92cc4b&vjs=3,Application Scientist,서울,,"providing regular contact and developing self as technical “
go to person” within the industry and projecting a professional..."
https://kr.indeed.com/rc/clk?jk=c27c9748f7bfc2f3&fccid=d29e0d321c8ed33e&vjs=3,"VP of Commercial APAC (excl. Japan, China, and India)",서울,,"management, and Policy Deployment efforts. • Support reposition 
Go-To-Market model for ASP in APAC. • Anticipated Challenge..."
https://kr.indeed.com/rc/clk?jk=444009d85f080d5e&fccid=c1099851e9794854&vjs=3,Apple Diversity Program - 장애인 채용,서울,,"everyone else at Apple... passion and hard work, you can't 
go wrong. For specific work content, we will ask you about your..."
https://kr.indeed.com/rc/clk?jk=3bcae847e6326e27&fccid=c659788ec6cc356e&vjs=3,Business Development Representative (Korea),서울,,"You will also have a voice... ongoing development of our 
go-to-market strategy in Korea - we find... best..."
https://kr.indeed.com/rc/clk?jk=d15a6ebad79f93f6&fccid=353eb997fc901045&vjs=3,Managed Services Consultant - R&D,서울,,"Services team who provides offsite, post-
go-live application administration for R&D... ll Do Provide post-
go-live administrative..."
https://kr.indeed.com/rc/clk?jk=978c2a1c0cd4c676&fccid=68d0e0954a811351&vjs=3,"GoGlobal Commercial Trainee, Electronics",서울,,"our customers. 
Go Global 2022 Graduate... our market share and developing our 
go-to-market approach for various product..."
https://kr.indeed.com/rc/clk?jk=fe8c624168faae65&fccid=d43e21c13934858e&vjs=3,Track Mechanic,대한민국,,"Alaska Native Corporation (ANC), 100% of our company’s profits 
go back to our 14,300 Iñupiat shareholders that have resided..."
https://kr.indeed.com/rc/clk?jk=539bc8793da6b8b5&fccid=af103eaff391cdf0&vjs=3,Head of MBG - Korea,서울,,"brighter and more inclusive... we 
go big... big—huge. We’re not just... Lead the entire 
Go-to-Market and end..."
https://kr.indeed.com/rc/clk?jk=f3caeaca0c91b0af&fccid=4141256365dbb7d7&vjs=3,"Area Head Risk & Control Seoul, South Korea Finance",서울,,"10, Gukjegeumyung-ro, Yeongdeungpo-gu, Seoul, Korea HOW TO APPLY • 
Go PMI career site... pmi.com/careers"" and set ‘South..."
https://kr.indeed.com/rc/clk?jk=0733035457f8a8b7&fccid=4faf342d2307e9ed&vjs=3,Consumer Marketing Coordinator,서울,,"consumer value propositions, brand strategy and identity, and 
go to market plans for Harman social media and other related..."
https://kr.indeed.com/rc/clk?jk=0466f6ee6a507529&fccid=0a4ad7ebd9b0c8ee&vjs=3,IT Application Specialist,서울,,"access solutions. In return, we open doors for them wherever they 
go... nearly 50,000 colleagues in more than 70 different..."
https://kr.indeed.com/rc/clk?jk=dc90d3a4b36d50d0&fccid=ddf81b1fc1cca355&vjs=3,Berluti Korea - Financial Analyst,서울 강남구,,"stock take preparation and guidelines. Occasionally 
go to stores to support local teams on stock take. Review monthly stock..."
https://kr.indeed.com/rc/clk?jk=ff03a0ded46256d3&fccid=3444e7c94299ba32&vjs=3,EBC Partner Presales Consultant,서울,,"implementing Private Wireless technologies. Act... technical 
go to person for our partners' technical teams... member..."
https://kr.indeed.com/rc/clk?jk=62f0d44f44b54300&fccid=0a4ad7ebd9b0c8ee&vjs=3,Supply Chain Expert,대구,,"committed to your customers, happy to 
go the extra mile... always acting... them wherever they 
go... nearly 50,000..."
https://kr.indeed.com/rc/clk?jk=ffecd62102b93cb5&fccid=85678e6cef6ba8ba&vjs=3,업계최고/최저4000【강서구/배달대행】배달GO강서지사 라이더 모집/초보자환영,서울 강서구,"월급 5,000,000원","모집조건 경력 무관(신입+경력) 성별 성별무관 연령 연령무관 학력 학력무관 모집직종 운전·배달 > 택배·퀵서비스, 배달 고용형태 아르바이트, 정규직, 계약직 모집인원 명 (10명 미만) 우대사항 동종업계 경력자, 장기근무..."
https://kr.indeed.com/rc/clk?jk=0697304eb319066c&fccid=a5b4499d9e91a5c6&vjs=3,"Modem Protocol Firmware Engineer, Pixel Mobile Wireless",서울,,"developers, the Mobile team is giving you Google... 
go. Responsibilities Work closely with modem software team..."
https://kr.indeed.com/rc/clk?jk=53190c7c4d49e2ea&fccid=353eb997fc901045&vjs=3,Associate Consultant,서울,,"looking... strong analytical thinker and energetic “
go-getter” to become part of a dynamic team of consulting services..."
https://kr.indeed.com/rc/clk?jk=f10f70339d0d778c&fccid=412ff571bced2587&vjs=3,[Tune CIC] NOW. Service 직무별 담당자,서울,,"확장될 수 있도록 해외시장에서의 사업기회 발굴 및 사업화 추진 - 국가별 사용자 니즈 및 사업환경을 분석하여 
go-to-market 전략수립/실행 - 사용자 / 서비스 / 시장 분석을 통한 사업 현황 진단 및 성장 방향성..."
https://kr.indeed.com/rc/clk?jk=e34df077f64bab64&fccid=d43e21c13934858e&vjs=3,Gunsmith III - Camp Carroll,대한민국,,"Alaska Native Corporation (ANC), 100% of our company’s profits 
go back to our 14,300 Iñupiat shareholders that have resided..."
https://kr.indeed.com/rc/clk?jk=f862c821b0734933&fccid=412ff571bced2587&vjs=3,[NAVER Cloud] Media 서비스 개발,서울,,"필요역량] - 관련 경력 3년 이상 - Java Spring 환경에 대한 이해 및 다양한 개발 경험 또는 
Go, C 언어를 능숙하게 사용할 수 있는 능력 - 비동기 프로그래밍 등 고성능 어플리케이션 개발 경험 - RDBMS..."
https://kr.indeed.com/rc/clk?jk=aeaeeb68701944f0&fccid=314d6d2bfc9df32c&vjs=3,Regional Marcom Specialist,서울,,"Marketing Program Managers (MPMs) to determine the 
Go-To-Market strategy and define the metrics... respective Marketing..."
https://kr.indeed.com/rc/clk?jk=f24e9df35ada830d&fccid=d43e21c13934858e&vjs=3,Heavy Wheel Mechanic,대한민국,,"Alaska Native Corporation (ANC), 100% of our company’s profits 
go back to our 14,300 Iñupiat shareholders that have resided..."
https://kr.indeed.com/rc/clk?jk=bcbacda543a382c8&fccid=d40b824c7b625849&vjs=3,Software Engineer - Juju (Go / Distributed Systems),서울,,"you'll be working on a large open source 
Go project that powers complex distributed... languages (primarily 
Go) to develop high..."
https://kr.indeed.com/rc/clk?jk=88e6d72e9612939d&fccid=c1099851e9794854&vjs=3,Music Partnership Manager,서울,,"stakeholders to achieve goals. You are pro-active; striving to 
go above and beyond what is required... role. Have an..."
https://kr.indeed.com/rc/clk?jk=84a68987c3324d5e&fccid=32f112a2173f5468&vjs=3,풀스텍 개발자 정규직 or 계약직,서울 서초구,,"시스템 개발에 대한 경험-IoT디바이스관련 앱개발경험-DL/ML지식과개발경험-챗봇개발*프로그래밍언어:-백엔드: 
Go,Python,Rust,C/C++,Nodejs-프론트: Flutter,JavaScript/HTML5/CSS3..."
